{
  "access": [],
  "components": [
    {
      "components": [
        {
          "name": "pageTitle",
          "size": "H1",
          "text": "Home",
          "type": "heading"
        },
        {
          "class": "col-md-12",
          "components": [
            {
              "name": "heading0",
              "size": "H3",
              "text": "Welcome to Jonnychipz Containerised Web App",
              "type": "heading"
            }
          ],
          "name": "col0",
          "type": "col"
        },
        {
          "name": "image0",
          "path": "/assets/images/jonnychipz logo.jpg",
          "style": {
            "width": "579px"
          },
          "type": "image"
        }
      ],
      "container": "main",
      "type": "content"
    }
  ],
  "layout": "Main",
  "name": "Home"
}