{
  "components": [
    {
      "components": [
        {
          "class": "justify-content-start align-items-center",
          "components": [
            {
              "class": "col-6 d-flex align-items-center",
              "components": [
                {
                  "events": {
                    "click": [
                      {
                        "code": "await InvokeAsync(() => { sidebar0.Toggle(); });",
                        "type": "execute"
                      },
                      {
                        "code": "await InvokeAsync(() => { body0.Toggle(); });",
                        "type": "execute"
                      }
                    ]
                  },
                  "name": "sidebar-toggle0",
                  "type": "sidebar-toggle"
                },
                {
                  "name": "label0",
                  "text": "Jonnychipz Blazor App",
                  "type": "label"
                }
              ],
              "name": "leftCol",
              "type": "col"
            },
            {
              "class": "col-6 text-right",
              "name": "rightCol",
              "type": "col"
            }
          ],
          "name": "headerRow",
          "type": "row"
        }
      ],
      "name": "header0",
      "type": "header"
    },
    {
      "components": [
        {
          "name": "main",
          "type": "content-container"
        }
      ],
      "name": "body0",
      "type": "body"
    },
    {
      "components": [
        {
          "name": "panelmenu0",
          "style": {
            "height": "100%"
          },
          "type": "panelmenu"
        }
      ],
      "name": "sidebar0",
      "type": "sidebar"
    },
    {
      "components": [
        {
          "name": "footerText",
          "text": "JonnychipzBlazorWebApp, Copyright Ⓒ 2021",
          "type": "label"
        }
      ],
      "name": "footer0",
      "type": "footer"
    }
  ],
  "name": "Main"
}